CCAA,Año,Indice_IPC,Precio_Vivienda_IPV,Renta_Media,Pob_Adulta,Pob_Joven,Pob_Senior,Ratio_Esfuerzo,Renta_Ajustada_IPC,Pct_Pob_Joven
Andalucia,2008,19.684,134.534,13859,2574931.0,4438185.0,1188176.0,9.707338191788729,18458.75494925079,54.115680797610906
Andalucia,2009,18.031,130.162,14393,2634400.0,4451302.0,1216162.0,9.043423886611548,20927.404942949128,53.618103115155826
Andalucia,2010,19.261,128.108,14152,2701489.0,4426208.0,1242044.0,9.052289429055964,19262.952538399106,52.88345242702254
Andalucia,2011,20.192,120.476,13310,2760619.0,4390823.0,1271275.0,9.051540195341849,17281.545687713733,52.130719814045754
Andalucia,2012,20.355,106.267,13391,2824494.0,4331476.0,1292435.0,7.935703084161004,17247.484735419974,51.26974855017012
Andalucia,2013,20.02,96.923,12705,2870332.0,4257795.0,1310452.0,7.628728846910665,16637.74493927125,50.45630312876137
Andalucia,2014,19.405,97.077,12118,2894215.0,4179370.0,1326811.0,8.010975408483247,16371.978551377151,49.752059307680256
Andalucia,2015,19.428,100.0,11862,2928388.0,4118941.0,1349621.0,8.430281571404485,16007.13806443223,49.052822751117965
Andalucia,2016,19.476,102.842,12560,2965534.0,4062793.0,1357646.0,8.188057324840765,16907.279782944726,48.447484865501
Andalucia,2017,20.457,106.101,13709,2989295.0,4013550.0,1374723.0,7.739514187759866,17569.026471443307,47.90829510425937
Andalucia,2018,20.78,111.37,13977,3010938.0,3973288.0,1397922.0,7.968090434284897,17634.058933184737,47.40178770405868
Andalucia,2019,20.486,117.358,13755,3036286.0,3949311.0,1426237.0,8.53202471828426,17603.024453156708,46.94946429042703
Andalucia,2020,20.064,120.098,14958,3074413.0,3931474.0,1455927.0,8.029014574140929,19545.18905817174,46.46136159457062
Andalucia,2021,22.541,125.598,14769,3096482.0,3893188.0,1479979.0,8.504164127564493,17177.571993957205,45.966344059830575
Andalucia,2022,26.218,136.786,15862,3125848.0,3860523.0,1510891.0,8.623502710881352,15861.426838130488,45.43255227389717
Aragon,2008,19.934,171.55,17107,436770.0,630426.0,259426.0,10.028058689425382,22499.00267725599,47.52114769693251
Aragon,2009,18.14,156.466,18561,446484.0,637429.0,261239.0,8.429825979203708,26825.507932455166,47.38713543153488
Aragon,2010,19.306,147.964,17773,453803.0,629838.0,263119.0,8.325212400832724,24135.27796648982,46.76690724405239
Aragon,2011,20.289,135.826,17259,459336.0,620842.0,265738.0,7.869864997972072,22301.74534814042,46.12784155920578
Aragon,2012,20.534,116.262,17419,466632.0,614922.0,267510.0,6.674435960732533,22239.935706120268,45.581380868513286
Aragon,2013,20.15,101.492,17618,472232.0,605251.0,269204.0,5.7606992848223415,22922.68155152148,44.943702582708525
Aragon,2014,19.531,99.157,17662,469046.0,584146.0,271700.0,5.614143358623033,23708.23734468011,44.09008432385432
Aragon,2015,19.427,100.0,18395,469777.0,573823.0,273730.0,5.436259853220984,24824.35183805501,43.55954848063887
Aragon,2016,19.5,101.896,17116,470187.0,563329.0,274524.0,5.953260107501753,23011.849889338726,43.06664933794074
Aragon,2017,20.41,104.788,17756,471235.0,560866.0,276107.0,5.901554404145077,22807.936625493174,42.87284590829593
Aragon,2018,20.911,109.838,17672,471001.0,558853.0,278324.0,6.215368945224083,22156.173980453495,42.719950954686595
Aragon,2019,20.675,116.514,18067,474921.0,563061.0,280741.0,6.448995405988819,22909.963235537445,42.69744290499218
Aragon,2020,19.938,119.488,19150,479707.0,565670.0,283403.0,6.2395822454308085,25180.888649550445,42.57062869700026
Aragon,2021,22.786,124.019,19381,481455.0,559688.0,284503.0,6.3989990196584285,22299.33718303482,42.22001952255731
Aragon,2022,26.476,131.96,20347,483698.0,554242.0,287687.0,6.4854769744925544,20147.99704995984,41.80980019266355
Asturias,2008,19.853,145.647,17383,390372.0,456534.0,233008.0,8.378703330840477,22955.272547964374,42.275033011887984
Asturias,2009,18.068,144.298,18561,396310.0,454079.0,234616.0,7.774257852486397,26932.4061265628,41.85040621932618
Asturias,2010,19.374,142.196,18377,401472.0,446146.0,236433.0,7.737715622789356,24867.904212373607,41.15544379369605
Asturias,2011,20.51,134.026,17080,404350.0,437621.0,239207.0,7.8469555035128815,21832.630860427515,40.47631379846797
Asturias,2012,20.524,114.536,16922,406319.0,429012.0,241680.0,6.768467084268999,21615.911354101485,39.833576444437426
Asturias,2013,20.242,100.764,15994,406931.0,417303.0,243523.0,6.300112542203325,20715.123989204305,39.08220690662763
Asturias,2014,19.591,98.511,16011,406308.0,407989.0,247045.0,6.152707513584411,21426.227843612392,38.44086072161471
Asturias,2015,19.525,100.0,16227,403892.0,397213.0,249653.0,6.162568558575214,21788.686968124533,37.802519704822615
Asturias,2016,19.687,101.418,17241,401638.0,389261.0,251235.0,5.8823734122150695,22959.729995481917,37.35229826490643
Asturias,2017,20.538,102.536,17547,399205.0,382126.0,253157.0,5.843506012423776,22398.99807801712,36.93865951079181
Asturias,2018,20.939,106.123,17343,395787.0,376165.0,255825.0,6.119068211958715,21714.61596969643,36.59986553503337
Asturias,2019,20.598,110.56,17868,392809.0,370524.0,258955.0,6.187597940452205,22742.31946893157,36.24458078349741
Asturias,2020,20.004,114.072,18028,391379.0,364652.0,262191.0,6.3274905702240964,23627.325776949867,35.812622394723356
Asturias,2021,22.543,118.807,17968,389823.0,357089.0,264258.0,6.612143811219946,20896.420249488106,35.314437730549756
Asturias,2022,26.181,126.182,19368,387272.0,348666.0,268062.0,6.514973151590252,19394.67076767201,34.72768924302789
Baleares,2008,19.359,137.526,16496,354034.0,574222.0,144458.0,8.336930164888457,22339.816117078677,53.52983180978341
Baleares,2009,17.947,126.278,17548,365139.0,581252.0,148896.0,7.196147709140643,25634.191763467283,53.06846516027306
Baleares,2010,18.978,123.73,17076,374336.0,578399.0,153158.0,7.245842117591942,23589.545301762144,52.301533692680934
Baleares,2011,19.831,116.98,16568,382896.0,572825.0,157222.0,7.060598744567842,21903.289193686647,51.46939241272913
Baleares,2012,20.277,100.789,16317,389829.0,568324.0,161116.0,6.176932034074891,21096.989090569296,50.77635492450876
Baleares,2013,19.906,93.58,15427,390328.0,559676.0,161494.0,6.065988202502107,20318.018233063816,50.35330697851008
Baleares,2014,19.508,93.987,15729,389419.0,551824.0,162017.0,5.975395765782948,21138.405825410355,50.01758425031271
Baleares,2015,19.607,100.0,15894,392655.0,546666.0,164956.0,6.291682395872656,21252.299409716717,49.504426878400984
Baleares,2016,19.476,106.176,17894,396860.0,543417.0,166713.0,5.933609030960098,24087.48920668893,49.08960333878355
Baleares,2017,20.592,114.627,18312,402067.0,544441.0,169247.0,6.259665792922673,23314.23211875843,48.79574817052131
Baleares,2018,20.766,123.185,19554,408227.0,547504.0,172938.0,6.299734069755549,24686.90393710366,48.508818794527
Baleares,2019,20.559,130.597,18420,417076.0,555488.0,176633.0,7.089956568946797,23489.377376024324,48.33705622273639
Baleares,2020,19.961,135.899,18787,427375.0,562810.0,181087.0,7.233672220152234,24675.104843919322,48.051178547766874
Baleares,2021,22.586,143.803,16867,431578.0,556017.0,185096.0,8.525701073101322,19578.633965148412,47.41376884447821
Baleares,2022,25.862,157.034,18576,436296.0,550100.0,189936.0,8.453596037898363,18831.025043856254,46.76400880023667
Canarias,2008,20.722,139.782,13418,689569.0,1125223.0,260928.0,10.417498882098675,16976.18049466877,54.208804655733914
Canarias,2009,18.474,134.44,13612,712308.0,1120689.0,270679.0,9.876579488686453,19317.2307254007,53.272889931719526
Canarias,2010,19.53,131.108,13905,730861.0,1105785.0,281528.0,9.42883854728515,18666.05821004123,52.20463474672052
Canarias,2011,20.588,123.61,13127,745195.0,1090416.0,290745.0,9.416469871257714,16716.108893274566,51.28097082520519
Canarias,2012,20.863,107.173,12477,753815.0,1065725.0,298355.0,8.589644946701931,15678.961112218303,50.320011143139766
Canarias,2013,20.185,97.953,12688,764669.0,1050118.0,303373.0,7.720129255989912,16479.661322242937,49.57689692941043
Canarias,2014,19.748,96.711,12505,768034.0,1032802.0,303382.0,7.733786485405838,16601.38966770785,49.08246198825407
Canarias,2015,19.588,100.0,12932,776132.0,1015329.0,308216.0,7.732755954222085,17308.501359586422,48.35643768065279
Canarias,2016,19.752,103.344,12993,786482.0,1000882.0,313873.0,7.953821288386054,17245.75561169022,47.63298951998276
Canarias,2017,20.734,107.888,13161,797780.0,989832.0,319809.0,8.197553377402933,16641.392383727714,46.9688780741959
Canarias,2018,21.098,113.276,13546,812690.0,985853.0,328498.0,8.362320980363206,16832.694802700178,46.348565918569506
Canarias,2019,20.572,117.587,14247,829485.0,985723.0,337493.0,8.253456868112584,18156.44316751435,45.790056306008125
Canarias,2020,20.755,118.96,14990,844475.0,983060.0,347696.0,7.935957304869913,18934.888891706498,45.193361072915934
Canarias,2021,22.342,125.792,15294,849935.0,964580.0,357701.0,8.2249248071139,17946.629798020247,44.40534458819933
Canarias,2022,25.69,137.24,15901,856719.0,951128.0,369084.0,8.630903716747376,16227.222806334632,43.69123320858585
Cantabria,2008,19.623,153.98,16727,201934.0,273936.0,106143.0,9.205476176242003,22347.889689059823,47.066989912596455
Cantabria,2009,17.984,143.506,18108,206586.0,275512.0,106996.0,7.925005522421029,26397.819675969273,46.768766954000554
Cantabria,2010,19.131,134.886,16456,210370.0,273475.0,108258.0,8.19676713660671,22551.24238697732,46.18706542611674
Cantabria,2011,20.194,122.397,15447,213526.0,269676.0,109759.0,7.923674499902893,20054.21471724274,45.479550931680166
Cantabria,2012,20.57,105.107,15211,217041.0,265297.0,111355.0,6.909933600683716,19386.85403884041,44.68588984542516
Cantabria,2013,20.453,95.561,14426,219087.0,259724.0,112898.0,6.62422015804797,18491.52697712599,43.893873508768664
Cantabria,2014,19.55,97.211,14137,219871.0,253533.0,115041.0,6.876352832991441,18958.080463050203,43.085250108336375
Cantabria,2015,19.34,100.0,15159,220094.0,247842.0,116998.0,6.596741209842338,20549.343373428397,42.37093415667408
Cantabria,2016,19.442,102.547,15484,220308.0,243000.0,118659.0,6.6227718935675535,20879.788239243302,41.75494486800798
Cantabria,2017,20.519,106.683,16199,219774.0,239864.0,120422.0,6.58577689980863,20697.40414147606,41.351584318863566
Cantabria,2018,20.919,112.938,16400,219606.0,237617.0,122746.0,6.886463414634147,20553.54764366818,40.970638085828725
Cantabria,2019,20.718,116.423,17742,219476.0,236381.0,124952.0,6.561999774546274,22451.1510661972,40.69857732920805
Cantabria,2020,20.051,117.829,18578,220069.0,235230.0,127338.0,6.342394229734094,24291.077940724834,40.37333708638483
Cantabria,2021,22.699,124.302,18659,221256.0,233110.0,129854.0,6.661771799131786,21550.90466772243,39.9010646674198
Cantabria,2022,26.032,136.343,19974,221933.0,230438.0,132713.0,6.826023830980274,20115.98837058842,39.38545576361685
Castilla-La Mancha,2008,19.622,149.222,13898,618664.0,1065383.0,358692.0,10.736940566988055,18569.18751777006,52.15463160002331
Castilla-La Mancha,2009,17.532,144.77,14712,637732.0,1081078.0,362114.0,9.84026644915715,22000.07291328938,51.951825246861496
Castilla-La Mancha,2010,19.082,143.137,15130,654596.0,1078305.0,365037.0,9.460475875743555,20787.339184351185,51.3983254033246
Castilla-La Mancha,2011,20.229,133.946,13720,672464.0,1073623.0,368787.0,9.762827988338193,17781.30219512893,50.765341103063356
Castilla-La Mancha,2012,20.318,118.443,13307,690394.0,1062087.0,368902.0,8.900804088073945,17170.504939877002,50.06578255788794
Castilla-La Mancha,2013,19.921,100.52,12673,698459.0,1033926.0,368064.0,7.9318235619032595,16678.31474323578,49.224046858552626
Castilla-La Mancha,2014,19.205,97.846,12824,703316.0,1003702.0,370995.0,7.629912663755459,17506.247484892912,48.30104527738758
Castilla-La Mancha,2015,19.037,100.0,12725,708350.0,976974.0,373208.0,7.858546168958742,17524.39957644808,47.459743156773854
Castilla-La Mancha,2016,19.056,100.838,13106,712916.0,954451.0,373571.0,7.694033267205859,18031.102633788494,46.76531085216699
Castilla-La Mancha,2017,20.189,101.582,13604,717183.0,938971.0,374630.0,7.467068509261981,17665.896478280247,46.236872065172854
Castilla-La Mancha,2018,20.708,103.975,14305,720941.0,928083.0,377093.0,7.268437609227543,18110.630572471353,45.80599244762272
Castilla-La Mancha,2019,20.357,107.643,14505,727668.0,923891.0,380581.0,7.421096173733195,18680.471013462324,45.46394441327861
Castilla-La Mancha,2020,19.555,109.03,15802,737400.0,923177.0,383885.0,6.899759524110872,21185.469991521884,45.15500899503145
Castilla-La Mancha,2021,22.661,111.669,15350,745833.0,919381.0,383596.0,7.27485342019544,17758.781955550803,44.87390241164383
Castilla-La Mancha,2022,26.964,118.284,16404,752804.0,910819.0,388850.0,7.210680321872714,15949.58208605626,44.376661714916594
Castilla-Leon,2008,19.492,152.999,15533,852969.0,1140426.0,563055.0,9.849932401982874,20892.134133301646,44.609751804259815
Castilla-Leon,2009,17.685,148.896,16415,864067.0,1131916.0,566578.0,9.070727992689612,24334.346561909435,44.17128021537829
Castilla-Leon,2010,19.013,144.791,16100,875012.0,1113230.0,570184.0,8.993229813664597,22200.312805365847,43.51230014078969
Castilla-Leon,2011,20.101,135.8,15918,885687.0,1096041.0,575539.0,8.531222515391383,20761.307586163555,42.859857809137644
Castilla-Leon,2012,20.498,117.855,15909,895260.0,1072058.0,577468.0,7.408070903262304,20347.696863878886,42.12762880650868
Castilla-Leon,2013,20.052,101.216,15743,899379.0,1040715.0,578440.0,6.429270151813505,20583.236563881273,41.322253342619156
Castilla-Leon,2014,19.386,98.774,15080,899138.0,1010844.0,583363.0,6.550000000000001,20393.74567647841,40.54168195737052
Castilla-Leon,2015,19.114,100.0,15284,898653.0,984763.0,587112.0,6.54278984559016,20963.76647593662,39.86042659706751
Castilla-Leon,2016,19.195,101.056,15645,896813.0,960459.0,588714.0,6.459316075423458,21368.36615895038,39.26674151037659
Castilla-Leon,2017,20.358,102.71,16300,893401.0,941067.0,589762.0,6.30122699386503,20991.156198778695,38.81921269846508
Castilla-Leon,2018,20.777,106.92,17264,889487.0,925826.0,592287.0,6.193234476367007,21784.242028761553,38.4543113473999
Castilla-Leon,2019,20.634,112.083,17233,886504.0,915312.0,596142.0,6.503974931816863,21895.82572453232,38.17047671393744
Castilla-Leon,2020,19.765,114.72,18284,886667.0,906151.0,600469.0,6.274338219208051,24252.597536847425,37.862195382334
Castilla-Leon,2021,22.7,118.8,18181,886098.0,894923.0,600459.0,6.534294043231945,20997.895766287962,37.57843861800225
Castilla-Leon,2022,26.656,125.988,19117,883221.0,879400.0,608135.0,6.59036459695559,18802.19819770013,37.09365282635581
Cataluña,2008,19.294,162.198,18566,2420788.0,3757095.0,1185111.0,8.73629214693526,25227.832443137482,51.02672907243983
Cataluña,2009,17.979,143.716,18978,2473239.0,3794882.0,1206094.0,7.572768468753294,27673.798589582577,50.77298418629916
Cataluña,2010,19.063,139.892,19239,2519971.0,3764095.0,1226908.0,7.27127189562867,26459.10274243022,50.11460564235743
Cataluña,2011,20.008,126.522,18170,2558921.0,3726546.0,1252607.0,6.9632361034672545,23808.66884825017,49.43631489953535
Cataluña,2012,20.568,106.513,18136,2604078.0,3690812.0,1274381.0,5.873014997794442,23117.097750209825,48.76046847840433
Cataluña,2013,20.085,94.337,17883,2630036.0,3626200.0,1295654.0,5.275233461947101,23342.770834479772,48.01711889341608
Cataluña,2014,19.674,95.396,18104,2637447.0,3556576.0,1322996.0,5.269332744144941,24124.912109489946,47.313649200567404
Cataluña,2015,19.709,100.0,18236,2644842.0,3514561.0,1346587.0,5.483658697082693,24257.657506188723,46.823417030931296
Cataluña,2016,19.76,107.02,18828,2661613.0,3495633.0,1363220.0,5.684087529211812,24980.49933944171,46.48160100717163
Cataluña,2017,20.776,117.26,18957,2675126.0,3496579.0,1381937.0,6.185577886796434,23921.67244593964,46.28997508751407
Cataluña,2018,21.214,127.548,19791,2688885.0,3506076.0,1402865.0,6.44474761255116,24458.456143658852,46.145779068907345
Cataluña,2019,20.995,134.144,20049,2711309.0,3538203.0,1423335.0,6.6908075215721485,25035.755570875266,46.11330057799927
Cataluña,2020,20.229,136.892,20872,2751198.0,3579286.0,1447484.0,6.5586431582981985,27050.38917031567,46.018265953266976
Cataluña,2021,22.693,141.623,20927,2769259.0,3533968.0,1457535.0,6.7674774215128775,24176.80608209811,45.53635326015667
Cataluña,2022,26.092,151.701,21637,2796353.0,3514279.0,1479143.0,7.011184544992373,21740.70089642318,45.1139987997086
Ceuta,2008,20.265,137.436,13458,23031.0,45748.0,8607.0,10.21221578243424,17410.76211772955,59.11663608404621
Ceuta,2009,19.167,131.519,14261,23744.0,46185.0,8742.0,9.222284552275436,19506.515760366634,58.70651192942762
Ceuta,2010,19.753,126.516,15332,24755.0,47009.0,8806.0,8.251761022697627,20349.306482426382,58.34553804145464
Ceuta,2011,20.533,115.555,16208,25637.0,47782.0,8951.0,7.129503948667325,20694.783473074145,58.00898385334467
Ceuta,2012,20.888,101.323,15511,26507.0,48420.0,9084.0,6.532331893494939,19468.245086577026,57.63530966183
Ceuta,2013,20.272,94.834,14686,26990.0,48040.0,9143.0,6.457442462208906,18992.878598429772,57.0729331258242
Ceuta,2014,20.029,95.132,13758,27584.0,48164.0,9207.0,6.9146678296264,18008.598038107895,56.69354364075099
Ceuta,2015,19.648,100.0,13362,27581.0,47442.0,9231.0,7.4839095943721,17829.410487742152,56.3083058371116
Ceuta,2016,19.908,105.155,14858,27882.0,47245.0,9380.0,7.077332076995558,19566.65501306007,55.90661128663898
Ceuta,2017,20.754,112.251,15075,28141.0,47321.0,9484.0,7.446169154228856,19043.175697265706,55.70715513384974
Ceuta,2018,20.772,121.766,14991,28427.0,47032.0,9668.0,8.122606897471817,18920.654534950892,55.249215877453686
Ceuta,2019,20.61,131.164,16059,28488.0,46433.0,9839.0,8.167631857525375,20427.930529380214,54.78173666823973
Ceuta,2020,20.149,136.954,15058,28500.0,45627.0,10053.0,9.09509895072387,19592.85217759272,54.20171062009979
Ceuta,2021,22.34,142.034,16159,28595.0,44683.0,10218.0,8.789776595086328,18963.35512415775,53.51513844974609
Ceuta,2022,25.785,154.237,18864,28474.0,44332.0,10288.0,8.176261662425786,19180.084577936985,53.3516258694972
Extremadura,2008,19.849,137.785,12484,344073.0,548322.0,205129.0,11.036927266901635,16489.177543081845,49.95990976051549
Extremadura,2009,18.155,137.26,13833,349741.0,544953.0,207460.0,9.922648738523819,19975.79118989983,49.44436076991055
Extremadura,2010,19.366,139.248,13509,356497.0,540494.0,209923.0,10.307794803464356,18288.039037488375,48.82890631069803
Extremadura,2011,20.399,130.763,13151,363238.0,534964.0,210853.0,9.943198235875599,16901.831421044884,48.23602075640974
Extremadura,2012,20.622,120.066,12281,369658.0,526962.0,211192.0,9.77656542626822,15613.016359636356,47.567818366293196
Extremadura,2013,20.212,102.356,12139,374683.0,517265.0,211732.0,8.431996045802784,15745.537398314704,46.867298492316614
Extremadura,2014,19.474,98.126,11345,377931.0,507919.0,213442.0,8.649272807404143,15273.311189548273,46.20419324437911
Extremadura,2015,19.333,100.0,12421,381093.0,496923.0,214610.0,8.050881571532083,16843.842690572703,45.47969753602788
Extremadura,2016,19.484,101.43,12775,384849.0,488042.0,214542.0,7.939726027397261,17189.634950134518,44.88019031977142
Extremadura,2017,20.323,101.85,12006,386277.0,477933.0,215353.0,8.483258370814593,15487.966043140124,44.27096890130544
Extremadura,2018,20.802,103.737,12376,387857.0,468160.0,216485.0,8.382110536522301,15597.6465420835,43.65120065044168
Extremadura,2019,20.528,105.765,12816,389304.0,459691.0,218337.0,8.252574906367041,16367.77798744718,43.06916685717284
Extremadura,2020,20.071,106.309,13297,390877.0,452542.0,220168.0,7.994961269459276,17368.74838533731,42.54865845483256
Extremadura,2021,22.74,108.772,13908,391442.0,446551.0,221086.0,7.820822548173713,16034.59841688654,42.16408785369175
Extremadura,2022,26.465,114.612,14843,392117.0,438898.0,223279.0,7.7216196186754695,14703.93773703103,41.62956442889744
Galicia,2008,19.525,140.439,14374,943570.0,1243427.0,596515.0,9.770349241686377,19300.58461082283,44.6711564383412
Galicia,2009,17.771,138.72,15113,952914.0,1237308.0,605092.0,9.178852643419573,22295.78056502462,44.26364980821475
Galicia,2010,19.002,136.011,15764,962368.0,1221780.0,612610.0,8.62794975894443,21749.585184938976,43.6855816627681
Galicia,2011,20.055,129.103,15450,970512.0,1201978.0,621919.0,8.356181229773464,20197.131047514067,43.013674805656585
Galicia,2012,20.224,112.384,15333,976127.0,1176340.0,627935.0,7.32955064240527,19876.684533227843,42.308270530664274
Galicia,2013,19.982,99.834,15037,983547.0,1149098.0,632108.0,6.6392232493183485,19729.047163499778,41.562410819339014
Galicia,2014,19.449,98.655,15273,986231.0,1121699.0,639484.0,6.459438224317423,20587.847439051115,40.82744719215961
Galicia,2015,19.23,100.0,15133,986874.0,1097225.0,646829.0,6.60807506773277,20631.443446369427,40.177734455100975
Galicia,2016,19.275,101.957,15428,987522.0,1077687.0,651814.0,6.60856883588281,20984.523372243835,39.66425753480924
Galicia,2017,20.412,103.716,15880,988009.0,1062683.0,656056.0,6.531234256926951,20396.178512123926,39.26050744287979
Galicia,2018,20.736,107.673,16758,986471.0,1051173.0,662477.0,6.425170068027211,21187.565972222215,38.93058866621163
Galicia,2019,20.466,111.998,16621,985957.0,1043064.0,668767.0,6.7383430599843575,21291.58759843025,38.66367557421117
Galicia,2020,19.881,114.516,16757,989313.0,1034474.0,676200.0,6.8339201527719755,22097.437299299247,38.314036326841574
Galicia,2021,22.646,119.78,16785,991347.0,1020298.0,682053.0,7.13613345248734,19431.830275591827,37.87722305915511
Galicia,2022,26.482,127.685,18093,992885.0,1005657.0,689883.0,7.057149173713591,17911.982979501467,37.40692040878953
La Rioja,2008,19.637,170.416,15917,104443.0,156403.0,56599.0,10.706540177169064,21250.538612661912,49.26932224479831
La Rioja,2009,17.877,161.124,16447,106800.0,157443.0,57398.0,9.7965586429136,24119.923064920225,48.94991621093082
La Rioja,2010,19.066,155.023,15769,108631.0,155583.0,58145.0,9.830870695668718,21683.452373196706,48.26389212027584
La Rioja,2011,20.245,137.909,15517,110046.0,153903.0,58938.0,8.887607140555518,20094.344563309973,47.66466286967267
La Rioja,2012,20.466,117.833,16102,112026.0,151924.0,59573.0,7.317910818531859,20626.745894345942,46.95925791983878
La Rioja,2013,19.977,101.723,15321,113028.0,148621.0,60277.0,6.639449122119966,20106.69586867002,46.16619968564204
La Rioja,2014,19.487,99.483,16090,113307.0,144309.0,61280.0,6.182908638906153,21646.86082219455,45.25268426069941
La Rioja,2015,19.503,100.0,16295,113737.0,141047.0,62157.0,6.13685179502915,21904.674800368088,44.50260458571154
La Rioja,2016,19.367,101.96,16933,114015.0,138906.0,62771.0,6.021378373590031,22922.153777586936,44.00048148195076
La Rioja,2017,20.395,104.037,17801,114168.0,137637.0,63476.0,5.8444469411830795,22882.5571902298,43.655342377117556
La Rioja,2018,20.843,109.156,17490,114504.0,136748.0,64321.0,6.241052029731275,21999.532242302725,43.33323826816616
La Rioja,2019,20.797,115.012,18661,114776.0,136789.0,65128.0,6.163228122823,23524.374628931797,43.19293448229042
La Rioja,2020,19.882,117.18,19698,116026.0,137651.0,66104.0,5.948827292110875,25974.424239857253,43.04539669336202
La Rioja,2021,22.656,121.331,18758,116611.0,136431.0,66625.0,6.468226889860326,21706.367993606895,42.679100438894224
La Rioja,2022,26.401,130.006,19819,117168.0,134964.0,67617.0,6.559664967960038,19680.91231791459,42.20935796515391
Madrid,2008,19.908,149.458,18941,2072736.0,3311131.0,886788.0,7.890713267514915,24943.60025591404,52.803590693476195
Madrid,2009,18.479,133.981,20597,2126835.0,3347122.0,911873.0,6.504879351361848,29221.961851433058,52.41483096167608
Madrid,2010,19.574,134.508,20128,2180833.0,3338708.0,937951.0,6.682631160572337,26959.0699585379,51.70285925247759
Madrid,2011,20.482,122.826,19984,2222423.0,3302486.0,963502.0,6.146216973578863,25579.61037933178,50.8982245421876
Madrid,2012,20.731,103.984,19902,2258733.0,3252179.0,986227.0,5.224801527484674,25168.674037609573,50.05555522207544
Madrid,2013,20.37,92.203,19124,2284167.0,3198299.0,1011524.0,4.8213239907969045,24613.39786579851,49.25013743476661
Madrid,2014,19.854,94.572,18789,2288423.0,3123061.0,1041243.0,5.033370589174517,24810.7284121455,48.39908770353992
Madrid,2015,19.856,100.0,18593,2292829.0,3074976.0,1067280.0,5.378368203087183,24549.438939310396,47.78454363850672
Madrid,2016,19.82,108.566,18709,2310861.0,3064667.0,1089478.0,5.802875621358705,24747.469106166012,47.403931256985686
Madrid,2017,20.788,121.003,19314,2331365.0,3061684.0,1112052.0,6.265040902971937,24358.09863990358,47.0658949030922
Madrid,2018,21.241,133.325,19648,2358907.0,3078357.0,1138715.0,6.785677931596091,24250.866254190623,46.81214766652996
Madrid,2019,21.131,141.142,21030,2390380.0,3106608.0,1164158.0,6.7114598193057535,26091.74278747362,46.63774071308451
Madrid,2020,20.384,143.56,21429,2440844.0,3146068.0,1190603.0,6.699332680013066,27561.088149632313,46.41919641638565
Madrid,2021,22.74,147.206,21990,2453951.0,3099484.0,1195415.0,6.694224647567076,25352.374114706286,45.926105929158304
Madrid,2022,25.858,157.232,23338,2470477.0,3060001.0,1217243.0,6.737166852343817,23662.0610378138,45.34865919915776
Melilla,2008,19.91,134.165,17420,20710.0,43259.0,7475.0,7.701779563719862,22938.2750799651,60.54952130339847
Melilla,2009,18.556,137.01,17120,21425.0,44376.0,7651.0,8.002920560747663,24188.18393256259,60.41496487502042
Melilla,2010,19.671,137.679,18259,22405.0,45822.0,7799.0,7.540336272523139,24335.17177571043,60.271486070554815
Melilla,2011,20.109,124.837,18278,23349.0,47186.0,7931.0,6.829904803589014,23829.891491372015,60.13560013254148
Melilla,2012,20.307,110.05,19011,24585.0,48221.0,7983.0,5.788753879333018,24543.870959715725,59.68758123011796
Melilla,2013,19.537,96.169,17898,25766.0,49826.0,8074.0,5.373170186613029,24017.648973742125,59.55346257739106
Melilla,2014,19.293,96.6,18073,26377.0,49991.0,8125.0,5.34498976373596,24559.207599156493,59.165848058419044
Melilla,2015,19.185,100.0,15937,26937.0,50414.0,8210.0,6.2747066574637635,21778.533635104173,58.921704982410205
Melilla,2016,19.377,105.34,17349,27375.0,50367.0,8263.0,6.071819701423713,23473.171600622547,58.56287425149701
Melilla,2017,20.517,110.874,16453,27702.0,49996.0,8405.0,6.738831823983468,21023.988251078048,58.06534034818763
Melilla,2018,20.285,119.512,19500,27873.0,49894.0,8602.0,6.128820512820512,25202.490821581923,57.768412277553296
Melilla,2019,19.912,125.786,18003,27921.0,49754.0,8801.0,6.986946620007777,23703.575659216338,57.53503862343309
Melilla,2020,19.91,131.444,18214,28076.0,49868.0,9119.0,7.216646535631931,23983.79691770863,57.278063011841994
Melilla,2021,22.709,139.775,18259,27880.0,49136.0,9225.0,7.655128977490553,21079.62323307939,56.97522060272956
Melilla,2022,26.08,151.476,19849,27564.0,48166.0,9419.0,7.631417199858935,19953.308193412977,56.56672421285042
Murcia,2008,19.893,140.303,14147,428450.0,804665.0,192887.0,9.917509012511486,18644.379609860116,56.42804147539765
Murcia,2009,18.192,138.882,14139,441339.0,808770.0,196298.0,9.822618289836623,20376.149250104147,55.915796867686616
Murcia,2010,19.418,137.444,13574,454945.0,806926.0,199979.0,10.125534109326654,18326.82420543066,55.19896022163697
Murcia,2011,20.372,130.497,13022,466184.0,798482.0,205253.0,10.021271694056214,16758.220075025572,54.321496626684876
Murcia,2012,20.652,115.926,12891,477892.0,786978.0,209440.0,8.992785664417035,16364.711673139847,53.37941138566515
Murcia,2013,20.483,98.18,12487,486159.0,773200.0,212534.0,7.86257708016337,15982.63614756267,52.53099240230098
Murcia,2014,19.686,98.365,11715,491957.0,759888.0,214793.0,8.396500213401621,15601.583438938704,51.81155813499991
Murcia,2015,19.705,100.0,11993,498182.0,750855.0,218041.0,8.338197281747686,15956.412697819147,51.180305341638274
Murcia,2016,19.767,101.397,12635,504196.0,740912.0,219517.0,8.025089038385438,16757.851975514743,50.58714688060084
Murcia,2017,20.483,102.612,13324,510325.0,736958.0,222788.0,7.701290903632542,17053.947627943064,50.13077599653351
Murcia,2018,20.934,106.14,14041,516372.0,735426.0,226524.0,7.559290648814187,17584.486290245528,49.747348683169164
Murcia,2019,20.657,110.973,13637,523332.0,739070.0,231278.0,8.137640243455307,17307.544500016556,49.479808258797064
Murcia,2020,20.184,114.378,14921,532381.0,742940.0,235676.0,7.665572012599692,19380.927582034747,49.168860030827325
Murcia,2021,22.596,120.328,14988,538330.0,740024.0,239879.0,8.02828929810515,17389.855940967656,48.74245257480242
Murcia,2022,26.51,129.515,16128,545638.0,741679.0,244287.0,8.030443948412698,15949.778379558851,48.42498452602631
Navarra,2008,19.611,179.108,19907,206281.0,308123.0,105847.0,8.997237152760336,26612.761548969553,49.67714683249201
Navarra,2009,17.921,161.204,21318,210940.0,311902.0,107595.0,7.561872595928324,31186.60387255175,49.47393633305152
Navarra,2010,19.078,151.058,21393,215295.0,312213.0,109268.0,7.061094750619361,29398.33352276802,49.03027124137844
Navarra,2011,20.166,139.463,21404,218956.0,311218.0,111722.0,6.515744720612969,27826.52953120677,48.48417812231265
Navarra,2012,20.495,119.902,20918,222481.0,308218.0,113695.0,5.732001147337222,26758.151107458805,47.83067502180343
Navarra,2013,19.988,106.285,20191,224903.0,303916.0,115477.0,5.263979000544797,26483.315473494615,47.17024473223487
Navarra,2014,19.326,99.395,19550,225529.0,297378.0,117682.0,5.084143222506394,26520.924089173564,46.422589210866875
Navarra,2015,19.309,100.0,19715,226892.0,293698.0,119661.0,5.072279989855439,26768.304553916765,45.87232194873573
Navarra,2016,19.535,101.676,19697,227959.0,291190.0,121239.0,5.162004366147129,26434.465609634524,45.47087078458684
Navarra,2017,20.169,103.935,20022,229246.0,290977.0,122756.0,5.191039856158226,26025.97192669312,45.25451064498218
Navarra,2018,20.836,107.557,20094,230532.0,292293.0,124496.0,5.352692345973923,25283.42558931404,45.154258860750694
Navarra,2019,20.897,111.614,20697,232457.0,295154.0,126359.0,5.39276223607286,25966.135728371984,45.132651344862914
Navarra,2020,19.838,113.491,22391,235327.0,297134.0,128490.0,5.068598990665893,29590.988278742014,44.955526203909216
Navarra,2021,22.656,116.689,22786,236560.0,294929.0,129797.0,5.121083121214781,26367.48593146,44.599311039398984
Navarra,2022,26.402,125.153,23578,237719.0,293830.0,132290.0,5.308041394520316,23412.834896877823,44.262238283680226
Pais Vasco,2008,19.353,157.062,20887,765909.0,992568.0,398283.0,7.519605496241682,28295.126249976194,46.02125410337729
Pais Vasco,2009,18.009,140.915,22138,777038.0,988863.0,405890.0,6.365299485048332,32227.947757115588,45.532143746797
Pais Vasco,2010,18.884,138.62,21484,787039.0,977156.0,413770.0,6.4522435300688885,29826.68707566416,44.865551099306
Pais Vasco,2011,19.865,127.966,20834,795184.0,966187.0,422782.0,6.142171450513583,27495.901058460393,44.23623253499183
Pais Vasco,2012,20.094,108.614,20474,804218.0,957411.0,430986.0,5.304972159812445,26712.846400863302,43.665258150655724
Pais Vasco,2013,19.906,99.535,20955,809222.0,942994.0,438969.0,4.749940348365545,27598.630457888914,43.035800263327836
Pais Vasco,2014,19.445,99.04,20957,810873.0,927999.0,449562.0,4.725867251992175,28255.632399074304,42.404705830744724
Pais Vasco,2015,19.404,100.0,20264,811475.0,919426.0,457765.0,4.934859849980261,27379.012292636344,42.00851112047247
Pais Vasco,2016,19.436,102.574,21058,811525.0,913013.0,464417.0,4.871022889163263,28404.95443073623,41.70999403825113
Pais Vasco,2017,20.417,107.89,21198,812824.0,910048.0,470650.0,5.089631097273328,27219.918777695566,41.48798142895307
Pais Vasco,2018,20.765,113.748,21760,812603.0,907597.0,478208.0,5.227389705882353,27473.299555172536,41.28428389998581
Pais Vasco,2019,20.8,118.688,22480,813106.0,908645.0,485306.0,5.279715302491104,28334.583805668008,41.16998337605236
Pais Vasco,2020,20.143,121.362,23174,817181.0,910112.0,492480.0,5.2369897298696815,30162.04029609345,41.00022840173297
Pais Vasco,2021,22.546,123.882,22658,816858.0,898676.0,497674.0,5.467472857268955,26347.289032480956,40.60513065197668
Pais Vasco,2022,25.869,131.765,23886,816827.0,885694.0,504765.0,5.516411286946328,24207.37249827572,40.12592840257221
Valencia,2008,19.746,145.206,14796,1646219.0,2574916.0,807922.0,9.813868613138686,19644.865326488507,51.20077183456063
Valencia,2009,18.2,137.298,15703,1681672.0,2582815.0,829596.0,8.743424823282174,22620.130630422205,50.702255931047844
Valencia,2010,19.202,133.02,15780,1712729.0,2548601.0,849664.0,8.429657794676807,21544.895871592315,49.86507516933105
Valencia,2011,20.187,123.154,15344,1737950.0,2507937.0,870481.0,8.026199165797705,19927.401574228326,49.017916615849366
Valencia,2012,20.59,106.444,14864,1768222.0,2470485.0,889686.0,7.161194833153929,18926.19088469108,48.17269269340318
Valencia,2013,20.071,96.84,13881,1790012.0,2414876.0,907983.0,6.976442619407824,18131.578276067325,47.231310940565486
Valencia,2014,19.497,97.66,13446,1772602.0,2335470.0,895736.0,7.263126580395657,18080.4477449972,46.6738531934079
Valencia,2015,19.625,100.0,13305,1778954.0,2293354.0,907221.0,7.51597143930853,17774.159758632246,46.055641005404325
Valencia,2016,19.383,102.612,13589,1786605.0,2262086.0,910089.0,7.551107513429979,18380.205758165725,45.61779308620266
Valencia,2017,20.49,105.384,14365,1788179.0,2233991.0,918111.0,7.336164288200487,18380.085946931747,45.21991765245742
Valencia,2018,20.943,109.676,15038,1798484.0,2226585.0,937357.0,7.293257082058784,18825.002983034145,44.86888066441696
Valencia,2019,20.592,114.306,15582,1814166.0,2234099.0,954241.0,7.335772044666923,19838.486504723343,44.65959661017898
Valencia,2020,19.981,116.814,16518,1841297.0,2243295.0,971388.0,7.071921540138031,21673.2533591122,44.36914307414191
Valencia,2021,22.652,121.866,16474,1852256.0,2219273.0,985156.0,7.397474808789608,19066.73693504465,43.88790284544123
Valencia,2022,26.101,130.636,17444,1877744.0,2212095.0,1006541.0,7.488878697546434,17521.561093646338,43.40522096076038
